-- =============================================================
-- TESTER MODE seed data — realistic Olive Living sample projects
-- Fixed UUIDs so the app's mock layer stays in sync.
-- owner_email values are PRODUCTION fields; tester mode NEVER
-- emails them (all sends: theopenhotels@gmail.com -> akashsakhrani05@gmail.com)
-- =============================================================

insert into projects (id, name, status, owner_email, property_location, property_type, description, created_at) values
('11111111-1111-4111-8111-111111111111','Olive Koramangala Residences','Design','rajesh.menon.owner@gmail.com','Koramangala, Bengaluru, Karnataka','Residential','32-key premium serviced residence conversion of a G+4 standalone building on 80ft road.', now() - interval '65 days'),
('22222222-2222-4222-8222-222222222222','Olive Indiranagar Commercial Hub','Feasibility','anita.desai.owner@gmail.com','Indiranagar 100ft Road, Bengaluru, Karnataka','Commercial','Mixed-use retail + co-working refurbishment, 18,500 sqft across 3 floors.', now() - interval '24 days'),
('33333333-3333-4333-8333-333333333333','Olive Jubilee Hills Villa Renovation','Execution','k.reddy.owner@gmail.com','Jubilee Hills, Hyderabad, Telangana','Renovation','Luxury 6BHK villa renovation into 9-key boutique stay with rooftop F&B.', now() - interval '120 days'),
('44444444-4444-4444-8444-444444444444','Olive HSR Co-living Towers','Active','m.gupta.owner@gmail.com','HSR Layout Sector 2, Bengaluru, Karnataka','Co-living','Twin-tower 84-bed co-living asset; owner onboarding and document collection in progress.', now() - interval '9 days'),
('55555555-5555-4555-8555-555555555555','Olive Baner Serviced Suites','Complete','s.kulkarni.owner@gmail.com','Baner, Pune, Maharashtra','Commercial','24-suite extended-stay property; handed over this month.', now() - interval '210 days')
on conflict (id) do nothing;

insert into documents (id, project_id, document_type, file_name, file_category, uploaded_by, uploaded_at, auto_processed, key_info) values
('a1111111-0000-4000-8000-000000000001','11111111-1111-4111-8111-111111111111','client','koramangala_lease_agreement_v3.pdf','Agreement','priya.k@oliveliving.com', now() - interval '60 days', true, '{"parties":"Owner / Olive Living","term_years":9,"lock_in_years":3,"rent_free_fitout_days":90}'),
('a1111111-0000-4000-8000-000000000002','11111111-1111-4111-8111-111111111111','client','bbmp_building_sanction_plan.pdf','Permit','priya.k@oliveliving.com', now() - interval '58 days', true, '{"authority":"BBMP","sanctioned_floors":"G+4","far":2.25}'),
('a1111111-0000-4000-8000-000000000003','11111111-1111-4111-8111-111111111111','internal','site_survey_report_koramangala.pdf','Survey','arjun.nair@oliveliving.com', now() - interval '52 days', true, '{"plot_sqft":4800,"builtup_sqft":16200,"structural_grade":"B+","seepage_zones":2}'),
('a1111111-0000-4000-8000-000000000004','11111111-1111-4111-8111-111111111111','internal','ffe_specification_sheet_v2.xlsx','Specification','sneha.rao@oliveliving.com', now() - interval '20 days', false, null),
('a2222222-0000-4000-8000-000000000001','22222222-2222-4222-8222-222222222222','client','indiranagar_title_deed_chain.pdf','Agreement','priya.k@oliveliving.com', now() - interval '21 days', true, '{"title_clear":true,"encumbrance":"Nil (EC 2010-2026)"}'),
('a2222222-0000-4000-8000-000000000002','22222222-2222-4222-8222-222222222222','client','trade_license_and_oc.pdf','Permit','priya.k@oliveliving.com', now() - interval '18 days', true, '{"occupancy_certificate":true,"trade_license_valid_till":"2027-03-31"}'),
('a2222222-0000-4000-8000-000000000003','22222222-2222-4222-8222-222222222222','internal','structural_audit_indiranagar.pdf','Survey','arjun.nair@oliveliving.com', now() - interval '12 days', true, '{"columns_ok":true,"slab_deflection_mm":8,"retrofit_required":"minor"}'),
('a3333333-0000-4000-8000-000000000001','33333333-3333-4333-8333-333333333333','client','jubilee_hills_ghmc_permit.pdf','Permit','vikram.mehta@oliveliving.com', now() - interval '110 days', true, '{"authority":"GHMC","renovation_scope":"internal + facade"}'),
('a3333333-0000-4000-8000-000000000002','33333333-3333-4333-8333-333333333333','internal','boq_execution_phase2.xlsx','Specification','sneha.rao@oliveliving.com', now() - interval '30 days', false, null),
('a3333333-0000-4000-8000-000000000003','33333333-3333-4333-8333-333333333333','internal','moodboard_rooftop_fnb.pdf','Reference','sneha.rao@oliveliving.com', now() - interval '45 days', false, null),
('a4444444-0000-4000-8000-000000000001','44444444-4444-4444-8444-444444444444','client','hsr_mou_signed.pdf','Agreement','priya.k@oliveliving.com', now() - interval '7 days', true, '{"model":"revenue_share","owner_share_percent":42}')
on conflict (id) do nothing;

insert into feasibility_studies (id, project_id, executive_summary, timeline, risk_analysis, cost_breakdown, recommendations, detailed_report, status, generated_at, sent_to_owner_at) values
('f1111111-0000-4000-8000-000000000001','11111111-1111-4111-8111-111111111111',
 'Conversion of the Koramangala G+4 asset into a 32-key serviced residence is commercially viable with a projected stabilized occupancy of 82% and payback in 4.1 years. Structural condition is sound; the critical path is fit-out procurement and BBMP facade approval.',
 '{"total_months":11,"phases":[{"name":"Design Development","months":2},{"name":"Approvals & Permits","months":2},{"name":"Civil & MEP","months":4},{"name":"FF&E + Fit-out","months":2},{"name":"Pre-opening","months":1}]}',
 '{"risks":[{"description":"BBMP facade modification approval delay","impact":"High","mitigation":"Pre-submission consultation; retain liaison architect"},{"description":"Monsoon seepage in NW stairwell","impact":"Medium","mitigation":"Waterproofing package in Phase 1 civil scope"},{"description":"FF&E import lead times (lighting, sanitaryware)","impact":"Medium","mitigation":"Order long-lead items at design freeze; domestic alternates listed"},{"description":"Rent escalation clause ambiguity (Cl. 7.2)","impact":"Low","mitigation":"Addendum drafted; owner counsel review"},{"description":"Parking ratio shortfall vs zoning","impact":"Medium","mitigation":"Valet + leased overflow lot within 200m"}]}',
 '{"currency":"INR","land":0,"construction":32500000,"design":4200000,"contingency":3670000,"total":40370000}',
 '["Freeze GFC drawings by week 6 to protect the 11-month timeline","Procure long-lead FF&E immediately at design freeze","Bundle waterproofing with Phase 1 civil to avoid re-mobilization","Negotiate rent-free extension of 30 days against facade approval risk","Target ADR ₹4,200 at launch with 12% corporate contracting mix"]',
 '# Feasibility Study — Olive Koramangala Residences\n\n*Full 2,100-word report: market analysis (Koramangala micro-market ADR ₹3,800–4,600), demand drivers, competitive set (7 assets), structural assessment summary, phase-wise timeline, sensitivity table (occupancy 70/78/85%), and exit scenarios.*',
 'Sent to Owner', now() - interval '48 days', now() - interval '46 days'),
('f2222222-0000-4000-8000-000000000001','22222222-2222-4222-8222-222222222222',
 'The Indiranagar mixed-use refurbishment shows strong retail frontage value but co-working competition is intense. Recommended configuration: 60% managed office / 40% F&B-retail. Viable at projected blended rental of ₹185/sqft with 14-month payback on fit-out capex.',
 '{"total_months":7,"phases":[{"name":"Design & Tenant Mix","months":2},{"name":"Retrofit & MEP","months":3},{"name":"Fit-out & Leasing","months":2}]}',
 '{"risks":[{"description":"Anchor tenant not secured before capex start","impact":"High","mitigation":"LOI stage-gate before Phase 2 spend"},{"description":"100ft Road metro construction footfall disruption","impact":"Medium","mitigation":"Phased facade opening; rear access activation"},{"description":"Slab loading limits for gym tenant","impact":"Low","mitigation":"Restrict heavy equipment to ground floor"}]}',
 '{"currency":"INR","land":0,"construction":18900000,"design":2600000,"contingency":2150000,"total":23650000}',
 '["Stage-gate capex on anchor LOI","Pre-lease 40% before retrofit completion","Negotiate metro-disruption rent abatement with owner"]',
 '# Feasibility Study — Olive Indiranagar Commercial Hub\n\n*Full 1,800-word report with tenant-mix scenarios, micro-market rental comps, and phased capex schedule.*',
 'Generated', now() - interval '10 days', null)
on conflict (id) do nothing;

insert into floor_plans (id, project_id, plan_version, plan_2d_svg_url, plan_3d_model_url, dimensions_json, materials_json, created_at, generated_by, design_notes) values
('b1111111-0000-4000-8000-000000000001','11111111-1111-4111-8111-111111111111',1,'/mock/plans/koramangala_v1_2d.svg','/mock/plans/koramangala_v1_3d.json',
 '{"total_sqft":3240,"rooms":[{"name":"Reception & Lounge","sqft":520,"dimensions":"26 x 20"},{"name":"Deluxe Room 101","sqft":310,"dimensions":"15.5 x 20"},{"name":"Deluxe Room 102","sqft":310,"dimensions":"15.5 x 20"},{"name":"Suite 103","sqft":460,"dimensions":"23 x 20"},{"name":"Cafe & Pantry","sqft":380,"dimensions":"19 x 20"},{"name":"Back Office","sqft":220,"dimensions":"11 x 20"},{"name":"Corridor & Core","sqft":1040,"dimensions":"irregular"}]}',
 '{"floors":"Engineered oak + vitrified tile (wet areas)","walls":"Low-VOC paint, oak wainscot in lounge","fixtures":"Matte black CP fittings, brass accents","lighting":"3000K warm LED, cove + task"}',
 now() - interval '40 days','sneha.rao@oliveliving.com','Ground floor typical; rooms sized to serviced-residence standard with 20ft structural grid.'),
('b1111111-0000-4000-8000-000000000002','11111111-1111-4111-8111-111111111111',2,'/mock/plans/koramangala_v2_2d.svg','/mock/plans/koramangala_v2_3d.json',
 '{"total_sqft":3240,"rooms":[{"name":"Reception & Lounge","sqft":460,"dimensions":"23 x 20"},{"name":"Deluxe Room 101","sqft":310,"dimensions":"15.5 x 20"},{"name":"Deluxe Room 102","sqft":310,"dimensions":"15.5 x 20"},{"name":"Suite 103","sqft":460,"dimensions":"23 x 20"},{"name":"Cafe & Pantry","sqft":440,"dimensions":"22 x 20"},{"name":"Back Office","sqft":220,"dimensions":"11 x 20"},{"name":"Corridor & Core","sqft":1040,"dimensions":"irregular"}]}',
 '{"floors":"Engineered oak + vitrified tile (wet areas)","walls":"Low-VOC paint, oak wainscot in lounge","fixtures":"Matte black CP fittings, brass accents","lighting":"3000K warm LED, cove + task"}',
 now() - interval '15 days','sneha.rao@oliveliving.com','V2: cafe enlarged per owner feedback; lounge trimmed 60 sqft.'),
('b3333333-0000-4000-8000-000000000001','33333333-3333-4333-8333-333333333333',1,'/mock/plans/jubilee_v1_2d.svg','/mock/plans/jubilee_v1_3d.json',
 '{"total_sqft":5400,"rooms":[{"name":"Grand Living","sqft":720,"dimensions":"30 x 24"},{"name":"Key 1 (Master)","sqft":480,"dimensions":"20 x 24"},{"name":"Key 2","sqft":380,"dimensions":"19 x 20"},{"name":"Key 3","sqft":380,"dimensions":"19 x 20"},{"name":"Chef Kitchen","sqft":340,"dimensions":"17 x 20"},{"name":"Rooftop F&B Deck","sqft":1100,"dimensions":"55 x 20"},{"name":"Service & Core","sqft":2000,"dimensions":"irregular"}]}',
 '{"floors":"Italian marble (public), oak (keys)","walls":"Lime plaster, walnut paneling","fixtures":"Brushed brass, terrazzo vanities","lighting":"2700K, statement chandeliers"}',
 now() - interval '90 days','sneha.rao@oliveliving.com','Execution set issued; rooftop deck load path verified.')
on conflict (id) do nothing;

insert into investment_requirements (id, project_id, total_investment, currency, breakdown, estimated_roi_percent, payment_schedule, approved_by_owner) values
('c1111111-0000-4000-8000-000000000001','11111111-1111-4111-8111-111111111111',40370000,'INR','{"land":0,"construction":32500000,"design":4200000,"contingency":3670000,"total":40370000}',24.50,'[{"phase":"Mobilization","amount":8074000,"date":"2026-08-01"},{"phase":"Civil 50%","amount":12111000,"date":"2026-10-15"},{"phase":"Fit-out","amount":12111000,"date":"2027-01-15"},{"phase":"Handover","amount":8074000,"date":"2027-04-30"}]', true),
('c2222222-0000-4000-8000-000000000001','22222222-2222-4222-8222-222222222222',23650000,'INR','{"land":0,"construction":18900000,"design":2600000,"contingency":2150000,"total":23650000}',19.80,'[{"phase":"Design","amount":4730000,"date":"2026-08-15"},{"phase":"Retrofit","amount":11825000,"date":"2026-11-01"},{"phase":"Fit-out & Launch","amount":7095000,"date":"2027-01-20"}]', false),
('c3333333-0000-4000-8000-000000000001','33333333-3333-4333-8333-333333333333',61200000,'INR','{"land":0,"construction":47500000,"design":7100000,"contingency":6600000,"total":61200000}',27.20,'[{"phase":"Phase 1 (done)","amount":24480000,"date":"2026-03-01"},{"phase":"Phase 2 (current)","amount":24480000,"date":"2026-07-15"},{"phase":"Handover","amount":12240000,"date":"2026-10-30"}]', true),
('c4444444-0000-4000-8000-000000000001','44444444-4444-4444-8444-444444444444',0,'INR','{"land":0,"construction":0,"design":0,"contingency":0,"total":0}',null,'[]', false)
on conflict (id) do nothing;

insert into communications (id, project_id, communication_type, subject, message, sent_by_email, sent_to_owner, sent_to_owner_at, owner_read_at, created_at, metadata) values
('d1111111-0000-4000-8000-000000000001','11111111-1111-4111-8111-111111111111','feasibility_sent','Your Olive Koramangala Residences — Feasibility Study Ready','The detailed feasibility study for Olive Koramangala Residences is ready: 11-month program, ₹4.04 Cr total outlay, projected ROI 24.5%. Full report attached and available on your dashboard.','harshit.s@oliveliving.com', true, now() - interval '46 days', now() - interval '45 days', now() - interval '46 days','{"related_feasibility_id":"f1111111-0000-4000-8000-000000000001"}'),
('d1111111-0000-4000-8000-000000000002','11111111-1111-4111-8111-111111111111','floor_plan_sent','Floor Plan V2 — Cafe Expanded Per Your Feedback','Version 2 of the ground-floor plan incorporates your cafe expansion request (+60 sqft). Interactive 2D/3D views are live on the dashboard.','sneha.rao@oliveliving.com', true, now() - interval '14 days', null, now() - interval '15 days','{"related_plan_id":"b1111111-0000-4000-8000-000000000002"}'),
('d1111111-0000-4000-8000-000000000003','11111111-1111-4111-8111-111111111111','status_update','Design Development 70% Complete','GFC drawing set is 70% complete. FF&E long-lead items shortlisted; procurement starts at design freeze next week.','sneha.rao@oliveliving.com', false, null, null, now() - interval '3 days', null),
('d2222222-0000-4000-8000-000000000001','22222222-2222-4222-8222-222222222222','status_update','Structural Audit Cleared — Minor Retrofit Only','Good news: the structural audit cleared the asset with only minor retrofit (slab stiffening at F2 gym zone). Feasibility study generation triggered.','arjun.nair@oliveliving.com', false, null, null, now() - interval '12 days', null),
('d3333333-0000-4000-8000-000000000001','33333333-3333-4333-8333-333333333333','status_update','Phase 2 Execution — Week 4 Progress','Rooftop F&B deck waterproofing complete; MEP second fix 60% done. On track for Oct handover.','vikram.mehta@oliveliving.com', true, now() - interval '5 days', now() - interval '4 days', now() - interval '5 days', null),
('d4444444-0000-4000-8000-000000000001','44444444-4444-4444-8444-444444444444','status_update','Welcome to Olive Living — Document Collection Started','MOU signed. Our BD team has begun collecting title, sanction, and utility documents. You will receive the feasibility study automatically once documents are in.','priya.k@oliveliving.com', true, now() - interval '6 days', null, now() - interval '6 days', null)
on conflict (id) do nothing;

insert into team_tasks (id, project_id, task_owner_email, task_title, task_type, description, due_date, status, priority, created_at, completed_at, completion_notes) values
('e1111111-0000-4000-8000-000000000001','44444444-4444-4444-8444-444444444444','priya.k@oliveliving.com','Collect HSR title deed chain + EC','Document Procurement','Title chain 13 years + latest encumbrance certificate from owner counsel.', now() + interval '3 days','In Progress','High', now() - interval '6 days', null, null),
('e1111111-0000-4000-8000-000000000002','44444444-4444-4444-8444-444444444444','priya.k@oliveliving.com','Obtain BBMP sanctioned plan copy','Document Procurement','Certified copy of sanctioned plan for both towers.', now() - interval '2 days','Overdue','High', now() - interval '6 days', null, null),
('e1111111-0000-4000-8000-000000000003','44444444-4444-4444-8444-444444444444','arjun.nair@oliveliving.com','Site survey — HSR twin towers','Site Survey','Full measurement survey + structural walkthrough with photos.', now() + interval '6 days','Not Started','Medium', now() - interval '5 days', null, null),
('e1111111-0000-4000-8000-000000000004','11111111-1111-4111-8111-111111111111','sneha.rao@oliveliving.com','Issue GFC drawing set','Specification','Freeze and issue Good-For-Construction set to PMC.', now() + interval '7 days','In Progress','High', now() - interval '20 days', null, null),
('e1111111-0000-4000-8000-000000000005','11111111-1111-4111-8111-111111111111','priya.k@oliveliving.com','Facade approval pre-submission meeting','Document Procurement','Schedule BBMP pre-submission consult with liaison architect.', now() - interval '1 day','Overdue','Medium', now() - interval '10 days', null, null),
('e1111111-0000-4000-8000-000000000006','11111111-1111-4111-8111-111111111111','arjun.nair@oliveliving.com','Verify NW stairwell waterproofing scope','Site Survey','Confirm seepage extents; sign off Phase 1 waterproofing BOQ line.', now() - interval '12 days','Done','Medium', now() - interval '25 days', now() - interval '13 days','Scope confirmed; 2 zones, 340 sqft membrane.'),
('e1111111-0000-4000-8000-000000000007','22222222-2222-4222-8222-222222222222','priya.k@oliveliving.com','Anchor tenant LOI shortlist','Document Procurement','Shortlist 3 anchor candidates; obtain at least 1 LOI before capex gate.', now() + interval '10 days','In Progress','High', now() - interval '8 days', null, null),
('e1111111-0000-4000-8000-000000000008','22222222-2222-4222-8222-222222222222','arjun.nair@oliveliving.com','Slab load test — F2 gym zone','Site Survey','Load test and retrofit recommendation for gym tenant slab.', now() - interval '4 days','Done','Medium', now() - interval '14 days', now() - interval '5 days','Retrofit: stiffening plates 12 sqm. Report filed.'),
('e1111111-0000-4000-8000-000000000009','33333333-3333-4333-8333-333333333333','vikram.mehta@oliveliving.com','MEP second-fix inspection','Site Survey','Inspect second fix vs drawings; punch list to contractor.', now() + interval '2 days','In Progress','High', now() - interval '7 days', null, null),
('e1111111-0000-4000-8000-000000000010','33333333-3333-4333-8333-333333333333','sneha.rao@oliveliving.com','Rooftop F&B furniture package sign-off','Specification','Final vendor sign-off for loose furniture; 6-week lead.', now() + interval '5 days','Not Started','Medium', now() - interval '4 days', null, null),
('e1111111-0000-4000-8000-000000000011','33333333-3333-4333-8333-333333333333','vikram.mehta@oliveliving.com','Facade lighting mockup approval','Specification','Night mockup for owner approval.', now() - interval '20 days','Done','Low', now() - interval '35 days', now() - interval '21 days','Approved with 2700K revision.'),
('e1111111-0000-4000-8000-000000000012','55555555-5555-4555-8555-555555555555','vikram.mehta@oliveliving.com','Handover snag closure','Site Survey','Close 14 snag items and file handover certificate.', now() - interval '8 days','Done','High', now() - interval '30 days', now() - interval '9 days','All snags closed; certificate signed.')
on conflict (id) do nothing;

insert into projections (id, project_id, projection_type, projection_title, data, generated_at, generated_from_projects, recipients_emails) values
('91111111-0000-4000-8000-000000000001', null, 'Timeline','Portfolio Timeline Projection — Q3 FY27',
 '{"confidence_level":0.82,"insights":["Koramangala tracks to Apr 2027 opening if GFC freezes on schedule","Jubilee Hills holds Oct 2026 handover with 9 days float","Indiranagar timeline gated on anchor LOI (stage-gate)"],"per_project":[{"project":"Olive Koramangala Residences","expected_completion":"2027-04-30","months_remaining":10},{"project":"Olive Jubilee Hills Villa Renovation","expected_completion":"2026-10-30","months_remaining":4},{"project":"Olive Indiranagar Commercial Hub","expected_completion":"2027-02-15","months_remaining":7}]}',
 now() - interval '2 days', array['11111111-1111-4111-8111-111111111111','22222222-2222-4222-8222-222222222222','33333333-3333-4333-8333-333333333333']::uuid[], array['akashsakhrani05@gmail.com']),
('91111111-0000-4000-8000-000000000002', null, 'Budget','Portfolio Budget Projection — ₹12.52 Cr Committed',
 '{"confidence_level":0.78,"committed_total_inr":125220000,"projected_spend_inr":129850000,"variance_percent":3.7,"insights":["Variance driven by FF&E import lead-time premiums (Koramangala)","Jubilee Hills Phase 2 tracking on budget","Cost per key trending ₹12.6L vs ₹11.9L plan"]}',
 now() - interval '2 days', array['11111111-1111-4111-8111-111111111111','22222222-2222-4222-8222-222222222222','33333333-3333-4333-8333-333333333333']::uuid[], array['akashsakhrani05@gmail.com']),
('91111111-0000-4000-8000-000000000003', null, 'ROI','Portfolio ROI Projection — Blended 23.8%',
 '{"confidence_level":0.74,"blended_roi_percent":23.8,"best":{"project":"Olive Jubilee Hills Villa Renovation","roi":27.2},"worst":{"project":"Olive Indiranagar Commercial Hub","roi":19.8},"scenarios":{"bear":18.2,"base":23.8,"bull":28.9},"insights":["Boutique renovation assets outperform on ROI","Commercial mixed-use drags blended ROI until anchor secured"]}',
 now() - interval '2 days', array['11111111-1111-4111-8111-111111111111','22222222-2222-4222-8222-222222222222','33333333-3333-4333-8333-333333333333']::uuid[], array['akashsakhrani05@gmail.com']),
('91111111-0000-4000-8000-000000000004', null, 'Risk','Portfolio Risk Projection — 2 High-Attention Items',
 '{"confidence_level":0.80,"top_risks":[{"risk":"BBMP facade approval delay (Koramangala)","likelihood":"Medium","impact":"High","mitigation":"Pre-submission consult booked"},{"risk":"Anchor LOI slip (Indiranagar)","likelihood":"Medium","impact":"High","mitigation":"Capex stage-gate enforced"},{"risk":"Monsoon delay rooftop works (Jubilee Hills)","likelihood":"Low","impact":"Medium","mitigation":"Waterproofing complete"},{"risk":"Document procurement lag (HSR)","likelihood":"High","impact":"Medium","mitigation":"2 overdue BD tasks escalated"},{"risk":"FF&E import lead times","likelihood":"Medium","impact":"Medium","mitigation":"Domestic alternates listed"}]}',
 now() - interval '2 days', array['11111111-1111-4111-8111-111111111111','22222222-2222-4222-8222-222222222222','33333333-3333-4333-8333-333333333333','44444444-4444-4444-8444-444444444444']::uuid[], array['akashsakhrani05@gmail.com'])
on conflict (id) do nothing;

insert into audit_logs (user_email, action, table_name, record_id, new_values, ip_address) values
('harshit.s@oliveliving.com','login', null, null, '{"success":true}','203.0.113.10'),
('harshit.s@oliveliving.com','send_to_owner','communications','d1111111-0000-4000-8000-000000000001','{"mode":"tester","from":"theopenhotels@gmail.com","to":"akashsakhrani05@gmail.com"}','203.0.113.10'),
('sneha.rao@oliveliving.com','generate_floor_plan','floor_plans','b1111111-0000-4000-8000-000000000002','{"version":2}','203.0.113.22');
